Strain,Stress,Strain Rate,Temperature
1.17E-04,11.131,1,700
1.98E-04,11.495,1,700
2.11E-04,11.509,1,700
4.59E-05,11.517,1,700
9.76E-05,11.609,1,700
2.58E-04,12.282,1,700
2.73E-04,12.378,1,700
2.38E-04,11.638,1,700
2.60E-04,11.32,1,700
2.77E-04,13.761,1,700
7.92E-04,18.669,1,700
0.00133,22.57,1,700
0.00171,26.365,1,700
0.00184,29.682,1,700
0.00189,32.566,1,700
0.00189,39.052,1,700
0.0027,52.382,1,700
0.00335,65.576,1,700
0.00449,80.64,1,700
0.00514,93.982,1,700
0.00565,109.29,1,700
0.00663,125.8,1,700
0.00751,142.41,1,700
0.00848,161.6,1,700
0.00989,181.93,1,700
0.01075,202.86,1,700
0.01173,224.29,1,700
0.0127,245.8,1,700
0.01419,267.62,1,700
0.01474,287.11,1,700
0.01636,305.1,1,700
0.01754,321.51,1,700
0.01866,336.85,1,700
0.01983,351.91,1,700
0.02189,364.54,1,700
0.0229,378.08,1,700
0.02486,389.6,1,700
0.0262,399.26,1,700
0.02746,403.18,1,700
0.02842,405.32,1,700
0.02966,406.7,1,700
0.02984,407.86,1,700
0.03108,407.6,1,700
0.03126,408.05,1,700
0.03207,409.73,1,700
0.03302,412.94,1,700
0.03445,416.29,1,700
0.03488,420.15,1,700
0.03709,423.94,1,700
0.03866,428.33,1,700
0.04066,432.04,1,700
0.04368,439.17,1,700
0.04763,440.37,1,700
0.04989,444.33,1,700
0.05385,444.46,1,700
0.05666,443.2,1,700
0.05903,441.53,1,700
0.06131,439.78,1,700
0.06386,438.2,1,700
0.06481,435.04,1,700
0.0668,432.15,1,700
0.06794,430.76,1,700
0.06893,429.9,1,700
0.06999,429.56,1,700
0.07174,428.58,1,700
0.07222,430.76,1,700
0.07412,431.99,1,700
0.07543,432.51,1,700
0.07694,433.22,1,700
0.07868,434.08,1,700
0.08093,435.3,1,700
0.08235,434.53,1,700
0.08463,433.7,1,700
0.08625,433.31,1,700
0.08793,433.19,1,700
0.08965,432.72,1,700
0.09175,431.26,1,700
0.09266,431.69,1,700
0.09445,430.74,1,700
0.09583,429.73,1,700
0.09714,429.59,1,700
0.09874,429.43,1,700
0.10085,429.74,1,700
0.10171,428.84,1,700
0.1035,428.27,1,700
0.10503,429.15,1,700
0.10654,430.08,1,700
0.10825,430.46,1,700
0.11056,429.46,1,700
0.11172,429.77,1,700
0.11343,429.43,1,700
0.1152,428.82,1,700
0.11674,428.63,1,700
0.11834,428.51,1,700
0.12052,428.6,1,700
0.12185,427.98,1,700
0.12343,427.61,1,700
0.1252,427.85,1,700
0.12685,428.23,1,700
0.12867,428.38,1,700
0.13077,427.4,1,700
0.13207,427.37,1,700
0.1336,426.91,1,700
0.13528,425.93,1,700
0.13689,425.56,1,700
0.13855,425.34,1,700
0.14043,425.51,1,700
0.14175,424.92,1,700
0.14326,424.32,1,700
0.14502,424.58,1,700
0.14667,424.82,1,700
0.14845,424.57,1,700
0.15052,423.58,1,700
0.15179,423.41,1,700
0.15311,423.5,1,700
0.15486,423.29,1,700
0.15633,423.37,1,700
0.15805,423.23,1,700
0.16008,423.17,1,700
0.16159,422.92,1,700
0.16304,422.77,1,700
0.16503,423.01,1,700
0.16676,423.22,1,700
0.16842,423.01,1,700
0.17053,422.04,1,700
0.17224,421.96,1,700
0.17334,422.43,1,700
0.17511,422.02,1,700
0.17691,421.56,1,700
0.17851,420.88,1,700
0.18035,420.4,1,700
0.18201,419.78,1,700
0.18337,419.23,1,700
0.18503,419.56,1,700
0.1866,419.86,1,700
0.18825,419.77,1,700
0.19006,419.16,1,700
0.19186,418.75,1,700
0.19316,419.07,1,700
0.19485,418.65,1,700
0.19641,418.34,1,700
0.19816,417.83,1,700
0.19993,417.58,1,700
0.20148,417.34,1,700
0.20297,416.93,1,700
0.20481,417.31,1,700
0.2063,417.65,1,700
0.20789,417.74,1,700
0.20987,417.22,1,700
0.21183,416.86,1,700
0.21321,417.37,1,700
0.21493,416.86,1,700
0.21672,416.26,1,700
0.21825,415.56,1,700
0.21993,414.98,1,700
0.22184,414.95,1,700
0.22302,414.75,1,700
0.22464,414.99,1,700
0.22645,414.95,1,700
0.22784,414.44,1,700
0.22955,413.85,1,700
0.23169,413.58,1,700
0.23307,414.81,1,700
0.23474,414.69,1,700
0.23636,413.88,1,700
0.23804,412.99,1,700
0.23954,412.47,1,700
0.24123,412.07,1,700
0.24286,411.72,1,700
0.24442,411.71,1,700
0.24605,411.42,1,700
0.24768,411.25,1,700
0.24923,411,1,700
0.25108,411.03,1,700
0.25257,412.03,1,700
0.25437,411.83,1,700
0.25601,411.48,1,700
0.25754,411.09,1,700
0.25935,410.53,1,700
0.26096,410.29,1,700
0.26261,410.14,1,700
0.2644,410.05,1,700
0.26628,409.63,1,700
0.26756,409.33,1,700
0.26914,409.04,1,700
0.27086,409.4,1,700
0.27253,409.23,1,700
0.27393,408.82,1,700
0.27577,408.34,1,700
0.27731,407.68,1,700
0.27874,407.81,1,700
0.28059,407.88,1,700
0.28234,408.08,1,700
0.28396,408.36,1,700
0.2855,407.99,1,700
0.28741,407.65,1,700
0.28916,407.48,1,700
0.2906,407.48,1,700
0.2926,407.36,1,700
0.29416,406.55,1,700
0.29547,406.08,1,700
0.29721,405.85,1,700
0.2991,405.71,1,700
0.30052,405.72,1,700
0.30202,405.46,1,700
0.30397,404.7,1,700
0.30535,404.64,1,700
0.30671,404.28,1,700
0.3084,404.18,1,700
0.31028,404.4,1,700
0.31202,404.59,1,700
0.31377,404.87,1,700
0.31551,404.65,1,700
0.31704,404.83,1,700
0.31882,405.1,1,700
0.32063,405.26,1,700
0.3225,405.06,1,700
0.32399,404.6,1,700
0.32572,403.87,1,700
0.32728,403.48,1,700
0.32894,403.25,1,700
0.3308,403.03,1,700
0.33269,402.55,1,700
0.33396,401.99,1,700
0.33542,401.29,1,700
0.33716,400.88,1,700
0.3387,400.52,1,700
0.34012,400.35,1,700
0.34216,399.65,1,700
0.34349,398.92,1,700
0.34482,398.48,1,700
0.3464,398.31,1,700
0.34825,398.5,1,700
0.34967,398.8,1,700
0.35139,398.63,1,700
0.3529,398.57,1,700
0.3544,398.52,1,700
0.35601,398.84,1,700
0.35795,398.93,1,700
0.35971,398.97,1,700
0.36134,398.85,1,700
0.36296,398.77,1,700
0.36471,398.77,1,700
0.36637,398.63,1,700
0.36824,398.45,1,700
0.37,398.1,1,700
0.37149,397.84,1,700
0.37313,397.26,1,700
0.37492,396.41,1,700
0.37664,396.07,1,700
0.37821,395.79,1,700
0.3798,395.49,1,700
0.38148,395.12,1,700
0.38285,394.7,1,700
0.38444,394.6,1,700
0.38633,394.56,1,700
0.3879,394.72,1,700
0.38952,394.78,1,700
0.39102,394.45,1,700
0.39251,394.14,1,700
0.3941,394.03,1,700
0.39595,394.12,1,700
0.39793,393.97,1,700
0.39965,393.45,1,700
0.40121,392.81,1,700
0.40269,392.42,1,700
0.40434,392.11,1,700
0.40593,391.77,1,700
0.40767,391.32,1,700
0.40926,390.85,1,700
0.4106,390.55,1,700
0.41209,390.46,1,700
0.41383,390.53,1,700
0.41541,390.75,1,700
0.41709,390.75,1,700
0.41884,390.54,1,700
0.4204,390.36,1,700
0.42187,390.25,1,700
0.42372,390.17,1,700
0.4256,390.24,1,700
0.42718,390.36,1,700
0.42885,390.24,1,700
0.43063,390.04,1,700
0.43233,389.89,1,700
0.43411,389.79,1,700
0.43598,389.51,1,700
0.43772,389.14,1,700
0.4392,388.68,1,700
0.44078,387.83,1,700
0.44248,387.1,1,700
0.44391,386.89,1,700
0.44547,386.75,1,700
0.44724,386.26,1,700
0.44865,385.6,1,700
0.45001,385.19,1,700
0.45164,385.02,1,700
0.45306,385.07,1,700
0.45455,385,1,700
0.45625,384.64,1,700
0.45795,384.3,1,700
0.45948,384.4,1,700
0.46112,384.82,1,700
0.46303,385.24,1,700
0.46486,385.49,1,700
0.46654,385.2,1,700
0.46814,384.7,1,700
0.46966,384.21,1,700
0.47132,383.65,1,700
0.47318,383.26,1,700
0.47498,382.87,1,700
0.47643,382.59,1,700
0.47784,382.39,1,700
0.4795,382.27,1,700
0.48134,382.38,1,700
0.48314,382.57,1,700
0.48497,382.51,1,700
0.48645,382.19,1,700
0.48801,381.76,1,700
0.48971,381.26,1,700
0.49143,380.84,1,700
0.49311,380.5,1,700
0.49482,380.08,1,700
0.49658,379.54,1,700
0.49801,379.17,1,700
0.49927,379,1,700
0.50108,378.71,1,700
0.50267,378.45,1,700
0.50402,378.14,1,700
0.50555,377.52,1,700
0.50709,376.79,1,700
0.50849,376.58,1,700
0.51012,376.64,1,700
0.51172,376.88,1,700
0.51341,377.04,1,700
0.51477,377.16,1,700
0.51661,377.41,1,700
0.51822,377.77,1,700
0.51983,378.35,1,700
0.52173,378.63,1,700
0.52352,378.3,1,700
0.52494,377.72,1,700
0.52673,377.29,1,700
0.52863,377.19,1,700
0.53027,377.36,1,700
0.53184,377.32,1,700
0.53351,376.88,1,700
0.53518,376.43,1,700
0.53667,376.17,1,700
0.53855,376.13,1,700
0.54057,376.26,1,700
0.54221,376.26,1,700
0.54381,376.1,1,700
0.5455,375.53,1,700
0.54722,374.98,1,700
0.54892,374.88,1,700
0.55077,374.7,1,700
0.55209,374.47,1,700
0.55369,374,1,700
0.5551,373.5,1,700
0.55704,372.8,1,700
0.55849,372.59,1,700
0.56025,372.25,1,700
0.56187,372.14,1,700
0.56332,371.74,1,700
0.56449,371.68,1,700
0.5663,371.48,1,700
0.56803,371.65,1,700
0.56958,372.13,1,700
0.57134,372.48,1,700
0.57313,372.54,1,700
0.57469,372.67,1,700
0.57662,372.59,1,700
0.57849,372.61,1,700
0.58017,372.24,1,700
0.58168,371.34,1,700
0.58316,370.31,1,700
0.5847,369.57,1,700
0.586,369.46,1,700
0.58748,369.64,1,700
0.58948,369.17,1,700
0.59052,368.98,1,700
0.592,368.93,1,700
0.59366,369.2,1,700
0.59518,369.96,1,700
0.59668,370.83,1,700
0.59867,371.03,1,700
0.60064,370.96,1,700
0.60212,370.89,1,700
0.60404,370.81,1,700
0.60591,370.56,1,700
0.60757,370.55,1,700
0.60926,370.47,1,700
0.6111,370.04,1,700
0.61256,369.71,1,700
0.61417,369.45,1,700
0.61604,369.11,1,700
0.61776,368.59,1,700
0.61897,368.1,1,700
0.62041,367.57,1,700
0.62219,367.11,1,700
0.62375,367,1,700
0.62547,367.13,1,700
0.62717,367.58,1,700
0.62858,367.92,1,700
0.63001,367.84,1,700
0.63189,367.54,1,700
0.63376,367.29,1,700
0.63542,367.41,1,700
0.63736,367.22,1,700
0.63881,366.86,1,700
0.64022,366.43,1,700
0.64181,365.92,1,700
0.64343,365.69,1,700
0.6451,365.6,1,700
0.64657,365.63,1,700
0.64833,365.45,1,700
0.64974,365.17,1,700
0.6512,365.02,1,700
0.65285,365.08,1,700
0.65488,365.01,1,700
0.65656,364.9,1,700
0.65813,364.68,1,700
0.65977,364.54,1,700
0.66114,364.56,1,700
0.66261,364.64,1,700
0.6644,364.62,1,700
0.66616,364.5,1,700
0.66751,364.13,1,700
0.66912,363.65,1,700
0.6708,363.29,1,700
0.67219,363.2,1,700
0.67362,363.12,1,700
0.67526,363.11,1,700
0.67684,363.31,1,700
0.67846,363.71,1,700
0.68012,364.25,1,700
0.68204,364.83,1,700
0.68373,365.37,1,700
0.68501,363.66,1,700
0.68612,359.5,1,700
0.68681,355.66,1,700
0.68733,353.23,1,700
0.68785,351.73,1,700
0.68804,350.57,1,700
0.68814,349.26,1,700
0.68868,347.87,1,700
0.68917,346.47,1,700
0.68952,344.52,1,700
0.6901,342.08,1,700
0.6906,339.61,1,700
0.69086,337.26,1,700
0.69102,335.07,1,700
0.69133,333.14,1,700
0.69172,331.63,1,700
0.69189,330.37,1,700
0.6921,329.05,1,700
0.69236,327.67,1,700
0.69239,326.46,1,700
0.69259,325.52,1,700
0.69313,324.83,1,700
0.69336,324.42,1,700
0.69338,324.08,1,700
0.69355,323.62,1,700
0.69364,323.12,1,700
0.69382,322.65,1,700
0.69419,322.17,1,700
0.69453,321.47,1,700
0.69439,320.66,1,700
0.69431,319.67,1,700
0.69478,318.72,1,700
0.69502,318.25,1,700
0.69507,318,1,700
0.6954,317.61,1,700
0.69542,317.12,1,700
0.69552,316.51,1,700
0.69581,315.79,1,700
0.69596,315.07,1,700
0.69603,314.6,1,700
0.69607,314.13,1,700
0.69613,313.5,1,700
0.69633,312.92,1,700
0.69657,312.38,1,700
0.6969,311.96,1,700
0.69693,311.42,1,700
0.69651,309.95,1,700
0.6962,305.64,1,700
0.69563,297.1,1,700
0.69441,284.7,1,700
0.69296,267.11,1,700
0.68992,223.36,1,700
0.6838,137.38,1,700
0.67545,68.792,1,700
0.66574,11.309,1,700
8.09E-05,12.174,1,600
5.81E-05,11.367,1,600
-4.62E-05,11.014,1,600
1.20E-04,11.095,1,600
1.44E-04,11.159,1,600
2.49E-04,11.175,1,600
7.50E-05,11.172,1,600
-1.97E-05,11.125,1,600
1.16E-04,11.275,1,600
1.46E-04,11.57,1,600
2.00E-04,11.996,1,600
1.97E-04,12.34,1,600
2.14E-05,11.764,1,600
2.03E-05,11.079,1,600
9.22E-05,10.981,1,600
-3.41E-05,11.204,1,600
5.86E-05,11.392,1,600
9.01E-05,10.983,1,600
8.81E-05,10.887,1,600
-2.80E-06,11.065,1,600
-4.58E-05,11.234,1,600
1.18E-04,11.582,1,600
-7.24E-06,11.742,1,600
4.75E-05,12.085,1,600
1.79E-04,11.669,1,600
-5.02E-05,11.111,1,600
-5.34E-05,11.055,1,600
8.38E-05,11.143,1,600
-1.22E-04,10.931,1,600
-6.30E-05,10.625,1,600
1.53E-04,10.608,1,600
5.87E-05,10.643,1,600
-3.12E-05,10.902,1,600
2.56E-05,11.269,1,600
-1.09E-04,11.69,1,600
-3.18E-05,12.057,1,600
7.98E-06,11.48,1,600
3.85E-05,11.302,1,600
2.54E-04,14.094,1,600
5.79E-04,17.832,1,600
8.36E-04,21.739,1,600
0.00119,25.085,1,600
0.00152,27.792,1,600
0.0015,30.216,1,600
0.00127,33.764,1,600
0.00154,44.819,1,600
0.00232,58.884,1,600
0.00307,73.463,1,600
0.00419,88.895,1,600
0.0048,105.8,1,600
0.00549,123.86,1,600
0.00656,143.15,1,600
0.00768,162.74,1,600
0.00829,185.11,1,600
0.00986,207.54,1,600
0.0105,231.2,1,600
0.01135,254.49,1,600
0.0124,278.78,1,600
0.01367,303.18,1,600
0.01412,327.35,1,600
0.01596,350.42,1,600
0.01685,373.62,1,600
0.01826,396.71,1,600
0.01954,415.43,1,600
0.02068,426.51,1,600
0.02097,434.88,1,600
0.02184,438.44,1,600
0.02216,441.31,1,600
0.02251,445.09,1,600
0.02259,450.06,1,600
0.02326,457.11,1,600
0.02324,467.36,1,600
0.02493,484.23,1,600
0.02693,502.1,1,600
0.02994,518.95,1,600
0.03314,534.55,1,600
0.03682,544.86,1,600
0.03992,554.95,1,600
0.04385,561.71,1,600
0.04666,567.9,1,600
0.04913,571.55,1,600
0.05151,573.2,1,600
0.05354,573.68,1,600
0.05453,574.05,1,600
0.05639,575.09,1,600
0.05743,576.64,1,600
0.05856,578.09,1,600
0.06004,579.11,1,600
0.06146,579.58,1,600
0.06267,581.64,1,600
0.06476,583.57,1,600
0.06627,585.74,1,600
0.06789,587.62,1,600
0.06972,588.65,1,600
0.07186,589.46,1,600
0.07334,589.92,1,600
0.07538,589.83,1,600
0.07708,590.19,1,600
0.07855,590.63,1,600
0.08007,591.15,1,600
0.08167,590.29,1,600
0.08336,590.27,1,600
0.08527,590.93,1,600
0.08688,592.09,1,600
0.08846,592.99,1,600
0.09011,593.14,1,600
0.09194,593.49,1,600
0.09347,593.63,1,600
0.09559,593.65,1,600
0.09725,593.87,1,600
0.09875,593.95,1,600
0.10057,593.33,1,600
0.10227,592.71,1,600
0.10395,592.5,1,600
0.10593,592.69,1,600
0.10745,592.92,1,600
0.10883,592.9,1,600
0.11053,592.71,1,600
0.11211,592.49,1,600
0.11368,593,1,600
0.11553,593.06,1,600
0.1172,592.97,1,600
0.11871,592.77,1,600
0.12026,592.7,1,600
0.12206,592.77,1,600
0.12392,592.48,1,600
0.12549,592.54,1,600
0.1271,592.67,1,600
0.12877,592.96,1,600
0.13033,592.94,1,600
0.13198,592.45,1,600
0.13382,592.39,1,600
0.13549,592.51,1,600
0.13705,592.36,1,600
0.13862,592.11,1,600
0.14022,591.64,1,600
0.14176,591.34,1,600
0.14341,591.41,1,600
0.1451,591.5,1,600
0.14657,591.44,1,600
0.14806,590.92,1,600
0.14983,589.95,1,600
0.15135,589.43,1,600
0.15264,589.85,1,600
0.15412,590.37,1,600
0.15564,590.48,1,600
0.1571,590.43,1,600
0.1588,590.34,1,600
0.16053,590.74,1,600
0.16214,591.41,1,600
0.16381,591.74,1,600
0.16561,591.65,1,600
0.16741,591.37,1,600
0.16911,591.16,1,600
0.17108,590.8,1,600
0.17297,590.4,1,600
0.17436,589.98,1,600
0.17581,589.31,1,600
0.17742,588.53,1,600
0.17887,588.09,1,600
0.18041,587.9,1,600
0.18193,588.02,1,600
0.18335,588.37,1,600
0.18483,588.6,1,600
0.1864,588.68,1,600
0.18806,588.61,1,600
0.18974,588.56,1,600
0.19141,588.92,1,600
0.19324,589.14,1,600
0.19497,588.94,1,600
0.19656,588.43,1,600
0.19839,587.92,1,600
0.20018,587.83,1,600
0.20174,587.96,1,600
0.20346,587.67,1,600
0.20491,586.88,1,600
0.20646,586.06,1,600
0.20803,585.9,1,600
0.20965,586.2,1,600
0.21126,586.82,1,600
0.21275,586.94,1,600
0.21436,586.21,1,600
0.21612,585.41,1,600
0.21768,585.44,1,600
0.21927,585.94,1,600
0.22094,586.05,1,600
0.22246,585.9,1,600
0.22414,585.44,1,600
0.226,585.37,1,600
0.2276,586.01,1,600
0.22931,586.34,1,600
0.23115,585.99,1,600
0.23288,585.15,1,600
0.23448,584.18,1,600
0.23602,583.69,1,600
0.23764,583.26,1,600
0.23914,583.04,1,600
0.24054,583.01,1,600
0.24221,582.85,1,600
0.24367,582.73,1,600
0.24516,582.86,1,600
0.24689,582.82,1,600
0.24859,583.19,1,600
0.2501,583.6,1,600
0.25182,583.63,1,600
0.25358,583.37,1,600
0.25526,582.68,1,600
0.25705,582.58,1,600
0.2588,582.81,1,600
0.26053,582.97,1,600
0.26205,582.38,1,600
0.26354,581.72,1,600
0.2655,581.12,1,600
0.2671,581.28,1,600
0.26895,581.45,1,600
0.27073,581.01,1,600
0.27216,580.33,1,600
0.27341,579.75,1,600
0.2753,579.7,1,600
0.27696,579.94,1,600
0.27836,580.11,1,600
0.28001,579.63,1,600
0.28166,578.83,1,600
0.28309,578.51,1,600
0.28468,578.94,1,600
0.2864,579.22,1,600
0.28816,579.23,1,600
0.28945,579.11,1,600
0.29134,578.63,1,600
0.29313,578.39,1,600
0.2945,578.41,1,600
0.29615,578.33,1,600
0.29819,577.77,1,600
0.29942,577.45,1,600
0.30131,576.77,1,600
0.30276,576.36,1,600
0.30435,576.28,1,600
0.30606,576.89,1,600
0.30777,577.11,1,600
0.30948,577.26,1,600
0.311,576.71,1,600
0.31283,576.07,1,600
0.31448,575.4,1,600
0.316,575.08,1,600
0.31765,574.73,1,600
0.31911,574.26,1,600
0.32063,573.85,1,600
0.32215,573.57,1,600
0.32405,573.66,1,600
0.32559,574.17,1,600
0.327,574.38,1,600
0.32856,574.05,1,600
0.33037,573.59,1,600
0.33213,573.59,1,600
0.33381,573.75,1,600
0.33551,573.66,1,600
0.33724,573.45,1,600
0.33876,572.91,1,600
0.34046,572.44,1,600
0.3425,572.19,1,600
0.34399,572.29,1,600
0.34566,571.83,1,600
0.34732,570.9,1,600
0.34875,569.93,1,600
0.35026,569.54,1,600
0.35181,569.47,1,600
0.35347,569.31,1,600
0.35502,569.27,1,600
0.35643,569.31,1,600
0.35806,569.49,1,600
0.35959,569.96,1,600
0.36152,570.35,1,600
0.36349,570.31,1,600
0.36513,569.9,1,600
0.36685,569.31,1,600
0.36862,568.51,1,600
0.37004,567.68,1,600
0.37165,566.86,1,600
0.37335,566.27,1,600
0.37484,565.85,1,600
0.37631,565.52,1,600
0.37772,565.14,1,600
0.37924,564.92,1,600
0.38086,565.11,1,600
0.38229,565.57,1,600
0.38389,565.68,1,600
0.38569,565.43,1,600
0.38729,565.39,1,600
0.38904,565.47,1,600
0.39087,565.67,1,600
0.39239,565.67,1,600
0.3942,564.94,1,600
0.39592,563.71,1,600
0.39746,562.78,1,600
0.39894,562.35,1,600
0.40042,562.19,1,600
0.40199,561.97,1,600
0.40344,561.69,1,600
0.40516,561.43,1,600
0.40694,561.48,1,600
0.40829,561.95,1,600
0.4098,562.19,1,600
0.41167,561.79,1,600
0.41327,561.29,1,600
0.41488,560.8,1,600
0.41667,560.3,1,600
0.41835,560.11,1,600
0.41994,560.03,1,600
0.42151,559.85,1,600
0.42316,559.51,1,600
0.4249,559.13,1,600
0.42643,558.91,1,600
0.42817,558.65,1,600
0.42999,558.41,1,600
0.4315,558.18,1,600
0.43308,557.76,1,600
0.43475,557.27,1,600
0.4363,556.85,1,600
0.43791,556.48,1,600
0.43963,556.17,1,600
0.44113,555.9,1,600
0.44256,555.27,1,600
0.4441,554.48,1,600
0.44566,554.37,1,600
0.44722,554.96,1,600
0.44888,555.58,1,600
0.4506,555.64,1,600
0.45216,555.36,1,600
0.45382,555.04,1,600
0.45568,554.72,1,600
0.45725,554.4,1,600
0.45886,553.77,1,600
0.46064,552.85,1,600
0.4623,552.14,1,600
0.46362,552.17,1,600
0.4653,552.46,1,600
0.46705,552.61,1,600
0.46864,552.46,1,600
0.47031,551.82,1,600
0.47198,551.26,1,600
0.47358,550.93,1,600
0.47506,550.59,1,600
0.47653,550.23,1,600
0.47825,549.59,1,600
0.47956,549.32,1,600
0.48111,549.34,1,600
0.48284,549.45,1,600
0.4844,549.86,1,600
0.48614,550.16,1,600
0.48806,550.15,1,600
0.48955,549.92,1,600
0.49119,548.98,1,600
0.49296,548.09,1,600
0.49474,547.59,1,600
0.49622,547.32,1,600
0.49759,547.04,1,600
0.49923,546.63,1,600
0.50072,546.3,1,600
0.50225,546.36,1,600
0.50433,546.57,1,600
0.50594,546.9,1,600
0.50743,546.85,1,600
0.50889,546.19,1,600
0.51077,545.61,1,600
0.51238,545.45,1,600
0.51417,545.28,1,600
0.51574,544.73,1,600
0.51707,544.04,1,600
0.51878,543.17,1,600
0.52018,542.86,1,600
0.52172,542.85,1,600
0.52319,542.98,1,600
0.52457,543.11,1,600
0.52641,542.59,1,600
0.52783,542.55,1,600
0.52944,542.62,1,600
0.53117,542.74,1,600
0.53267,542.86,1,600
0.53441,542.92,1,600
0.53644,542.51,1,600
0.53789,542.29,1,600
0.53941,541.83,1,600
0.54094,541.48,1,600
0.54282,541.33,1,600
0.54447,541.41,1,600
0.54597,541.46,1,600
0.54782,540.99,1,600
0.54929,540.53,1,600
0.55088,540.34,1,600
0.55278,540.21,1,600
0.55433,539.73,1,600
0.55568,539.06,1,600
0.55748,538.29,1,600
0.55914,537.89,1,600
0.56036,538.28,1,600
0.56206,538.26,1,600
0.56353,538.05,1,600
0.56497,537.79,1,600
0.56667,537.69,1,600
0.56848,538.04,1,600
0.57032,538.3,1,600
0.57147,538.38,1,600
0.573,537.79,1,600
0.57506,536.88,1,600
0.5763,536.78,1,600
0.57801,536.55,1,600
0.5799,536.12,1,600
0.58113,535.66,1,600
0.5825,535.07,1,600
0.58418,534.62,1,600
0.58572,534.86,1,600
0.58707,535.38,1,600
0.58865,535.89,1,600
0.59061,535.96,1,600
0.59212,536.13,1,600
0.59367,536.08,1,600
0.59555,535.82,1,600
0.59712,535.7,1,600
0.59873,535.53,1,600
0.60059,535.25,1,600
0.60245,535.15,1,600
0.60379,535.24,1,600
0.60558,535.02,1,600
0.6078,534.85,1,600
0.60948,534.98,1,600
0.61116,534.71,1,600
0.61277,534.02,1,600
0.6142,533.23,1,600
0.61579,532.66,1,600
0.61754,532.15,1,600
0.61908,531.85,1,600
0.62023,531.62,1,600
0.62171,531.09,1,600
0.62343,530.73,1,600
0.62476,531.18,1,600
0.6263,531.96,1,600
0.62829,532.48,1,600
0.62995,532.64,1,600
0.63168,532.34,1,600
0.63322,532.19,1,600
0.63503,531.81,1,600
0.63659,531.41,1,600
0.63783,530.93,1,600
0.63971,530.1,1,600
0.64124,529.75,1,600
0.64264,529.92,1,600
0.64426,530.08,1,600
0.64574,530.44,1,600
0.6472,530.5,1,600
0.64915,530.14,1,600
0.65077,529.86,1,600
0.65225,529.53,1,600
0.65387,529.15,1,600
0.65556,528.91,1,600
0.6569,528.9,1,600
0.65853,529.03,1,600
0.66016,529.18,1,600
0.66193,529.35,1,600
0.66355,529.64,1,600
0.66537,529.78,1,600
0.66707,529.81,1,600
0.66846,529.71,1,600
0.67009,529.24,1,600
0.6722,528.55,1,600
0.67383,528.36,1,600
0.67533,528.12,1,600
0.67694,527.56,1,600
0.67814,527.08,1,600
0.67959,526.57,1,600
0.68127,526.47,1,600
0.68289,526.63,1,600
0.68438,526.43,1,600
0.6851,524.18,1,600
0.68567,520.84,1,600
0.68605,519.02,1,600
0.68626,518.69,1,600
0.68672,518.53,1,600
0.6869,518.03,1,600
0.68692,517.19,1,600
0.68728,515.52,1,600
0.68757,513.47,1,600
0.68765,511.7,1,600
0.68795,509.95,1,600
0.68836,508.14,1,600
0.68863,506.49,1,600
0.68884,505.18,1,600
0.68902,504.2,1,600
0.68938,503.3,1,600
0.68967,502.42,1,600
0.68986,501.5,1,600
0.69008,500.64,1,600
0.69012,500.03,1,600
0.69022,499.55,1,600
0.69043,499.03,1,600
0.69065,498.39,1,600
0.69065,497.78,1,600
0.69094,497.11,1,600
0.69116,496.57,1,600
0.69131,496.21,1,600
0.69157,495.78,1,600
0.69177,495.27,1,600
0.69174,494.8,1,600
0.69173,494.32,1,600
0.69217,493.77,1,600
0.69249,493.38,1,600
0.69243,493.11,1,600
0.69265,492.55,1,600
0.69267,491.98,1,600
0.69261,491.48,1,600
0.69295,490.84,1,600
0.69329,490.29,1,600
0.69324,489.85,1,600
0.69305,489.19,1,600
0.69307,487.37,1,600
0.69298,482.83,1,600
0.69204,473.89,1,600
0.69079,459.56,1,600
0.68905,429.78,1,600
0.68303,341.84,1,600
0.67206,195.87,1,600
0.66484,101.74,1,600
1.28E-04,9.9022,1,650
1.43E-04,10.486,1,650
6.79E-05,10.484,1,650
-1.07E-04,10.086,1,650
-8.88E-05,9.7833,1,650
-4.53E-06,9.7021,1,650
8.38E-05,9.5134,1,650
9.89E-05,9.6473,1,650
1.02E-04,10.001,1,650
2.36E-05,10.138,1,650
2.29E-05,10.05,1,650
1.17E-04,9.7418,1,650
2.81E-05,10.152,1,650
8.30E-05,10.363,1,650
5.15E-05,10.045,1,650
-5.91E-05,9.3544,1,650
-1.31E-04,8.6289,1,650
5.32E-05,8.5086,1,650
1.05E-04,8.5567,1,650
1.48E-04,8.7281,1,650
4.33E-05,8.8825,1,650
-6.78E-05,8.7634,1,650
-6.91E-05,8.6431,1,650
4.28E-05,9.0215,1,650
-8.35E-05,9.5592,1,650
1.34E-05,9.783,1,650
7.11E-06,9.5488,1,650
-4.09E-05,9.0981,1,650
-3.31E-05,8.8092,1,650
-1.76E-04,8.1076,1,650
-2.36E-04,8.2753,1,650
1.78E-05,8.9196,1,650
3.24E-05,9.0198,1,650
-1.07E-04,9.0091,1,650
1.97E-05,9.1334,1,650
5.67E-05,10.037,1,650
-1.49E-04,10.721,1,650
-9.20E-05,10.687,1,650
7.65E-05,10.497,1,650
6.56E-05,10.253,1,650
1.67E-05,10.086,1,650
9.99E-05,9.8277,1,650
6.44E-05,9.7718,1,650
4.05E-05,9.8962,1,650
1.38E-04,9.991,1,650
7.03E-05,10.128,1,650
6.88E-05,10.249,1,650
2.09E-04,10.208,1,650
1.47E-04,10.602,1,650
-6.70E-05,11.228,1,650
2.48E-05,10.702,1,650
1.16E-05,9.899,1,650
1.19E-04,9.7243,1,650
2.68E-04,10.327,1,650
2.54E-04,10.5,1,650
3.31E-05,9.9151,1,650
8.47E-05,9.9733,1,650
-9.94E-05,9.9894,1,650
2.13E-05,10.251,1,650
3.23E-04,10.378,1,650
4.20E-04,10.751,1,650
-1.24E-05,11.348,1,650
9.89E-05,10.741,1,650
-5.39E-05,10.218,1,650
-4.28E-05,10.071,1,650
3.52E-04,10.571,1,650
4.24E-04,10.797,1,650
-9.01E-05,10.101,1,650
1.23E-04,10.011,1,650
2.89E-05,10.119,1,650
-1.06E-04,10.257,1,650
2.57E-04,10.285,1,650
4.03E-04,10.361,1,650
-9.86E-05,10.836,1,650
1.10E-04,10.39,1,650
1.03E-04,10.023,1,650
1.05E-04,10.037,1,650
2.96E-04,10.29,1,650
4.78E-04,10.503,1,650
4.16E-05,10.375,1,650
2.09E-05,10.347,1,650
-3.72E-05,10.274,1,650
-7.02E-06,10.441,1,650
1.55E-04,10.562,1,650
5.02E-04,10.708,1,650
1.15E-04,11.093,1,650
5.30E-05,10.508,1,650
-8.29E-05,10.302,1,650
1.41E-04,10.54,1,650
2.90E-04,10.994,1,650
4.16E-04,10.994,1,650
3.07E-05,10.506,1,650
1.83E-04,10.727,1,650
6.27E-05,10.967,1,650
2.22E-05,11.217,1,650
2.02E-04,11.545,1,650
4.69E-04,11.753,1,650
1.67E-05,11.786,1,650
1.25E-04,11.549,1,650
2.83E-04,13.489,1,650
4.97E-04,16.797,1,650
9.81E-04,21.043,1,650
0.00153,24.125,1,650
0.00138,27.012,1,650
0.00158,30.156,1,650
0.00175,33.524,1,650
0.00217,43.559,1,650
0.00283,56.699,1,650
0.00393,71.454,1,650
0.00448,87.237,1,650
0.00527,102.62,1,650
0.00636,121.15,1,650
0.00732,140.57,1,650
0.00841,160.78,1,650
0.00956,181.99,1,650
0.01053,203.21,1,650
0.0117,225.85,1,650
0.01267,247.37,1,650
0.01374,268.11,1,650
0.01491,287.25,1,650
0.01619,305.61,1,650
0.01767,322.88,1,650
0.01896,339.05,1,650
0.02034,354.9,1,650
0.022,369.66,1,650
0.02396,383.58,1,650
0.02564,395.21,1,650
0.02715,403.89,1,650
0.02823,408.27,1,650
0.02908,411.91,1,650
0.02953,413.69,1,650
0.03014,413.59,1,650
0.03051,416.17,1,650
0.03121,419.93,1,650
0.03155,424.84,1,650
0.03219,432.49,1,650
0.0335,441.17,1,650
0.03489,450.31,1,650
0.03718,459.42,1,650
0.04048,469.2,1,650
0.04327,477.29,1,650
0.04697,486.4,1,650
0.05024,492.23,1,650
0.05297,496.93,1,650
0.05577,499.1,1,650
0.05875,498.8,1,650
0.06061,498.68,1,650
0.06217,498.8,1,650
0.06359,498.82,1,650
0.06519,498.34,1,650
0.06638,497.17,1,650
0.06794,497.24,1,650
0.06921,498.63,1,650
0.07039,500.44,1,650
0.07167,502.1,1,650
0.07332,503.67,1,650
0.07461,504.53,1,650
0.07681,505.21,1,650
0.07849,506.04,1,650
0.08023,506.82,1,650
0.08192,507.01,1,650
0.08383,506.66,1,650
0.08556,506.2,1,650
0.08758,506.01,1,650
0.08905,506.82,1,650
0.09068,507.27,1,650
0.0923,507.29,1,650
0.09377,507.51,1,650
0.09515,507.9,1,650
0.09693,507.79,1,650
0.09853,507.78,1,650
0.10012,507.83,1,650
0.10163,508.25,1,650
0.10338,508.6,1,650
0.10508,508.2,1,650
0.10717,508.12,1,650
0.10884,508.75,1,650
0.11045,509.33,1,650
0.11223,509.46,1,650
0.11392,508.99,1,650
0.11529,508.68,1,650
0.11736,508.4,1,650
0.11923,508.2,1,650
0.12055,508.71,1,650
0.12212,508.64,1,650
0.12392,508.13,1,650
0.12567,507.61,1,650
0.12745,507.84,1,650
0.12899,508.61,1,650
0.1305,508.96,1,650
0.13212,508.62,1,650
0.13397,507.92,1,650
0.1356,508.03,1,650
0.13742,508.26,1,650
0.1391,508.13,1,650
0.14064,507.49,1,650
0.14224,506.93,1,650
0.14383,506.83,1,650
0.14553,507.04,1,650
0.14733,507.59,1,650
0.1489,508.21,1,650
0.15062,508.44,1,650
0.15254,508.25,1,650
0.15436,507.75,1,650
0.15598,507.49,1,650
0.15772,507.3,1,650
0.15933,506.97,1,650
0.16075,506.8,1,650
0.16233,506.36,1,650
0.16392,505.64,1,650
0.16553,505.35,1,650
0.16713,505.71,1,650
0.16869,506.1,1,650
0.17021,506.38,1,650
0.17178,506.31,1,650
0.17354,505.99,1,650
0.17531,506.14,1,650
0.17687,506.33,1,650
0.17843,506.1,1,650
0.17997,505.51,1,650
0.18138,504.87,1,650
0.18296,504.38,1,650
0.18476,504.41,1,650
0.18633,504.86,1,650
0.18775,504.96,1,650
0.18932,504.49,1,650
0.19094,503.78,1,650
0.19243,503.67,1,650
0.19399,504.06,1,650
0.19549,504.37,1,650
0.19702,504.44,1,650
0.19862,504.01,1,650
0.20042,503.44,1,650
0.20189,503.57,1,650
0.20333,504.05,1,650
0.20522,504.22,1,650
0.20695,503.83,1,650
0.20839,503.61,1,650
0.21007,503.42,1,650
0.21172,503.33,1,650
0.21332,503.23,1,650
0.21482,503.04,1,650
0.21653,502.7,1,650
0.21815,502.49,1,650
0.21977,502.49,1,650
0.22142,502.74,1,650
0.22316,503.15,1,650
0.22478,503.29,1,650
0.22653,503.04,1,650
0.22834,502.39,1,650
0.22986,501.5,1,650
0.23159,501.31,1,650
0.23332,501.33,1,650
0.23477,501.63,1,650
0.23644,501.69,1,650
0.23808,501.05,1,650
0.23987,500.41,1,650
0.24144,500.48,1,650
0.24305,500.72,1,650
0.24461,500.75,1,650
0.24605,500.13,1,650
0.24761,499.44,1,650
0.24924,499.29,1,650
0.25093,499.54,1,650
0.25265,500.17,1,650
0.25422,500.01,1,650
0.25571,499.22,1,650
0.25729,498.93,1,650
0.259,498.87,1,650
0.26079,499.48,1,650
0.26244,499.71,1,650
0.26398,499.44,1,650
0.26586,498.75,1,650
0.26766,498.48,1,650
0.26916,498.68,1,650
0.27089,498.58,1,650
0.27289,497.91,1,650
0.27428,497.5,1,650
0.27564,496.94,1,650
0.27742,496.14,1,650
0.27892,495.76,1,650
0.28044,495.89,1,650
0.28199,496.03,1,650
0.28342,496.53,1,650
0.28505,496.63,1,650
0.28676,496.78,1,650
0.28883,496.67,1,650
0.29009,497.06,1,650
0.29194,496.8,1,650
0.29374,495.85,1,650
0.29532,494.67,1,650
0.29643,494.29,1,650
0.29834,494.32,1,650
0.30015,494.68,1,650
0.30143,495.03,1,650
0.30284,494.4,1,650
0.30472,493.52,1,650
0.30635,493.61,1,650
0.3079,494.19,1,650
0.30956,494.68,1,650
0.31122,494.46,1,650
0.31275,493.83,1,650
0.31462,493.27,1,650
0.31623,492.81,1,650
0.31781,493.16,1,650
0.31951,492.96,1,650
0.32125,492.44,1,650
0.32238,492.19,1,650
0.32417,491.93,1,650
0.32592,492.08,1,650
0.32746,492.32,1,650
0.32902,492.48,1,650
0.33089,492.61,1,650
0.33252,492.63,1,650
0.33429,492.46,1,650
0.33602,492.14,1,650
0.33814,491.86,1,650
0.33936,491.6,1,650
0.34114,490.83,1,650
0.34263,490.06,1,650
0.34424,489.52,1,650
0.34584,489.19,1,650
0.34759,488.7,1,650
0.34896,488.88,1,650
0.35036,489.08,1,650
0.35196,488.86,1,650
0.35366,488.46,1,650
0.3551,488.7,1,650
0.35681,489.19,1,650
0.35868,489.4,1,650
0.36036,489.11,1,650
0.36189,488.9,1,650
0.36381,488.76,1,650
0.3657,488.8,1,650
0.36745,488.77,1,650
0.36895,488.22,1,650
0.37082,487.17,1,650
0.37223,486.73,1,650
0.37401,486.57,1,650
0.37574,486.62,1,650
0.3773,486.33,1,650
0.37887,485.79,1,650
0.3807,485,1,650
0.38228,484.7,1,650
0.38364,484.86,1,650
0.38525,484.87,1,650
0.38707,484.45,1,650
0.38833,484.19,1,650
0.38975,483.95,1,650
0.39151,483.78,1,650
0.39324,483.81,1,650
0.39473,483.8,1,650
0.39646,483.59,1,650
0.3981,483.61,1,650
0.3998,483.56,1,650
0.40163,483.07,1,650
0.40328,482.81,1,650
0.40487,482.75,1,650
0.40646,482.7,1,650
0.40814,482.47,1,650
0.40967,482.03,1,650
0.41139,481.54,1,650
0.41338,481.08,1,650
0.41489,481.08,1,650
0.41622,481.03,1,650
0.41781,480.48,1,650
0.41965,479.72,1,650
0.42122,479.34,1,650
0.42272,479.44,1,650
0.42438,479.6,1,650
0.42597,479.36,1,650
0.42748,478.69,1,650
0.42911,478.02,1,650
0.43068,477.89,1,650
0.43223,478.26,1,650
0.43391,478.4,1,650
0.43558,478.26,1,650
0.43713,478.19,1,650
0.43882,478.31,1,650
0.44069,478.51,1,650
0.44247,478.47,1,650
0.44415,477.9,1,650
0.44592,476.97,1,650
0.44765,476.09,1,650
0.44905,475.41,1,650
0.45051,475.05,1,650
0.45218,474.78,1,650
0.45369,474.65,1,650
0.45507,474.61,1,650
0.45675,474.39,1,650
0.45852,474.32,1,650
0.46018,474.44,1,650
0.46183,474.46,1,650
0.46348,474.48,1,650
0.46504,474.27,1,650
0.4667,473.78,1,650
0.46855,473.39,1,650
0.47026,473.23,1,650
0.47176,473.3,1,650
0.47366,473.01,1,650
0.47528,472.51,1,650
0.47674,471.83,1,650
0.47853,471.37,1,650
0.48031,471.17,1,650
0.48181,471.17,1,650
0.48307,470.83,1,650
0.48462,469.8,1,650
0.48617,468.91,1,650
0.48772,468.62,1,650
0.48932,468.86,1,650
0.49073,469.15,1,650
0.49206,469.05,1,650
0.49382,468.85,1,650
0.49558,468.87,1,650
0.49716,469.33,1,650
0.49899,469.55,1,650
0.50079,469.34,1,650
0.50255,468.9,1,650
0.50389,468.47,1,650
0.50552,468.16,1,650
0.50726,468.18,1,650
0.50895,467.91,1,650
0.51062,467.29,1,650
0.51244,466.67,1,650
0.51379,466.54,1,650
0.51523,466.54,1,650
0.5169,466.39,1,650
0.51898,465.96,1,650
0.52034,466.02,1,650
0.52202,465.78,1,650
0.5234,465.4,1,650
0.52508,464.71,1,650
0.52666,464.35,1,650
0.52862,464.38,1,650
0.53003,464.72,1,650
0.53155,464.67,1,650
0.53352,464.58,1,650
0.5354,464.33,1,650
0.53681,464.56,1,650
0.53859,464.72,1,650
0.54043,464.28,1,650
0.54209,463.56,1,650
0.54364,462.83,1,650
0.54548,462.13,1,650
0.54689,462.32,1,650
0.54856,462,1,650
0.54994,461.57,1,650
0.55165,461.01,1,650
0.55308,460.95,1,650
0.55474,461.41,1,650
0.5564,462.01,1,650
0.55803,462.17,1,650
0.55968,461.91,1,650
0.56174,461.69,1,650
0.56327,461.85,1,650
0.5648,462.18,1,650
0.56694,462.03,1,650
0.56906,461.58,1,650
0.57035,461.18,1,650
0.57212,460.36,1,650
0.57379,459.59,1,650
0.57534,458.94,1,650
0.57673,458.45,1,650
0.57853,458,1,650
0.57972,457.75,1,650
0.58112,457.55,1,650
0.58276,456.96,1,650
0.58417,456.89,1,650
0.58596,457.01,1,650
0.58749,457.46,1,650
0.58923,457.51,1,650
0.5907,457.55,1,650
0.59241,457.23,1,650
0.59477,457.02,1,650
0.59619,457.2,1,650
0.59755,456.96,1,650
0.59906,456.2,1,650
0.60073,455.39,1,650
0.60204,455.28,1,650
0.60388,455.4,1,650
0.60564,455.44,1,650
0.60734,455.2,1,650
0.60903,455.35,1,650
0.61062,455.5,1,650
0.61256,455.91,1,650
0.61428,456.03,1,650
0.61594,455.51,1,650
0.61781,454.71,1,650
0.61918,454.07,1,650
0.6208,453.17,1,650
0.62256,452.55,1,650
0.62379,452.19,1,650
0.62519,451.9,1,650
0.62682,451.44,1,650
0.62842,451.08,1,650
0.62973,451.14,1,650
0.63112,451.43,1,650
0.63288,451.82,1,650
0.63456,452.51,1,650
0.63614,453.18,1,650
0.63803,453.43,1,650
0.63985,453.53,1,650
0.64181,453.46,1,650
0.64395,453.32,1,650
0.64551,453.04,1,650
0.64694,452.39,1,650
0.64884,451.11,1,650
0.6505,449.95,1,650
0.65188,449.2,1,650
0.65328,448.81,1,650
0.6547,448.36,1,650
0.65606,448.01,1,650
0.6573,447.84,1,650
0.65894,447.91,1,650
0.66051,448.75,1,650
0.66193,449.86,1,650
0.66363,450.51,1,650
0.66549,450.66,1,650
0.66724,450.78,1,650
0.66934,451.02,1,650
0.67136,451.16,1,650
0.67285,451.2,1,650
0.67451,450.63,1,650
0.67641,449.66,1,650
0.67794,448.91,1,650
0.67955,448.44,1,650
0.68137,447.79,1,650
0.68305,447.06,1,650
0.68415,446.44,1,650
0.68519,446.07,1,650
0.68671,445.99,1,650
0.68781,444.23,1,650
0.68827,441.58,1,650
0.68865,439.98,1,650
0.68883,439.14,1,650
0.68896,438.39,1,650
0.68916,437.71,1,650
0.6895,436.99,1,650
0.68959,435.26,1,650
0.68984,432.42,1,650
0.69023,429.63,1,650
0.69043,427.32,1,650
0.6907,425.31,1,650
0.69117,423.58,1,650
0.6913,422.27,1,650
0.69122,421.16,1,650
0.69175,419.99,1,650
0.69224,418.96,1,650
0.69239,418.23,1,650
0.69252,417.67,1,650
0.69268,417.04,1,650
0.69285,416.36,1,650
0.69303,415.74,1,650
0.69332,415.14,1,650
0.69356,414.6,1,650
0.69364,414.13,1,650
0.69406,413.46,1,650
0.69444,412.75,1,650
0.69436,412.38,1,650
0.69441,412.19,1,650
0.69454,412.02,1,650
0.69461,411.9,1,650
0.69494,411.58,1,650
0.69561,411.16,1,650
0.6956,410.73,1,650
0.69528,410.26,1,650
0.69525,410,1,650
0.69558,409.61,1,650
0.69547,409.29,1,650
0.69577,408.61,1,650
0.69654,407.83,1,650
0.69644,407.62,1,650
0.69633,407.31,1,650
0.69625,405.7,1,650
0.69577,401.22,1,650
0.69511,392.26,1,650
0.69453,378.11,1,650
0.69222,354.78,1,650
0.68659,284.25,1,650
0.67829,155.85,1,650
0.67116,80.926,1,650
0.65928,22.367,1,650
4.79E-04,14.739,1,750
7.49E-04,19.215,1,750
9.68E-04,23.529,1,750
0.00149,26.603,1,750
0.00176,29.89,1,750
0.00172,32.65,1,750
0.00174,39.079,1,750
0.0025,52.932,1,750
0.00334,65.206,1,750
0.00435,80.792,1,750
0.00522,94.999,1,750
0.00629,110.13,1,750
0.00739,125.43,1,750
0.00835,142.28,1,750
0.00971,159.2,1,750
0.01084,176.71,1,750
0.01174,194.34,1,750
0.01301,212.33,1,750
0.0141,229.78,1,750
0.01519,245.91,1,750
0.01664,261.94,1,750
0.01779,276.48,1,750
0.0191,290.07,1,750
0.0206,301.81,1,750
0.02226,311.98,1,750
0.02391,320.4,1,750
0.02577,326.54,1,750
0.02751,330.89,1,750
0.02912,334.7,1,750
0.03074,337.65,1,750
0.03251,338.95,1,750
0.03412,340.11,1,750
0.03617,340.28,1,750
0.03734,340.8,1,750
0.03892,341.03,1,750
0.04031,341.15,1,750
0.04137,341.37,1,750
0.04271,339.96,1,750
0.04444,338.61,1,750
0.04541,338.7,1,750
0.04668,339.48,1,750
0.04796,340.78,1,750
0.04948,340.55,1,750
0.05076,342.34,1,750
0.05319,343.44,1,750
0.05462,344.84,1,750
0.05635,346.23,1,750
0.05836,346.73,1,750
0.06032,347.74,1,750
0.06183,347.08,1,750
0.06442,346.3,1,750
0.06614,345.38,1,750
0.06779,344.8,1,750
0.06946,343.73,1,750
0.07146,341.95,1,750
0.0728,342.28,1,750
0.07515,341.97,1,750
0.07676,342.2,1,750
0.07846,342.59,1,750
0.08018,343.21,1,750
0.08238,343.63,1,750
0.08399,343.59,1,750
0.08615,342.85,1,750
0.08781,342.02,1,750
0.08972,341.15,1,750
0.09142,340.22,1,750
0.09329,338.63,1,750
0.09464,338,1,750
0.0968,338.16,1,750
0.09835,338.69,1,750
0.10003,339.12,1,750
0.102,338.88,1,750
0.104,338.06,1,750
0.10523,337.99,1,750
0.10737,337.63,1,750
0.10911,337.02,1,750
0.11063,336.42,1,750
0.11226,335.48,1,750
0.11403,334.03,1,750
0.11538,333.49,1,750
0.11741,333.34,1,750
0.11894,333.65,1,750
0.12043,333.53,1,750
0.12197,332.96,1,750
0.12396,332.25,1,750
0.12524,333.24,1,750
0.12695,333.78,1,750
0.12875,333.57,1,750
0.13043,333.11,1,750
0.13202,332.75,1,750
0.13419,332.64,1,750
0.13572,332.24,1,750
0.13743,331.92,1,750
0.13905,331.71,1,750
0.14066,331.41,1,750
0.14227,331.17,1,750
0.14446,330.32,1,750
0.1459,330.8,1,750
0.1475,331.22,1,750
0.14924,330.79,1,750
0.15071,330.46,1,750
0.15241,329.87,1,750
0.15439,329.43,1,750
0.15591,328.76,1,750
0.15752,328.1,1,750
0.15917,327.96,1,750
0.1605,327.86,1,750
0.162,327.57,1,750
0.16412,326.85,1,750
0.16564,327.49,1,750
0.16708,328.48,1,750
0.16898,328.21,1,750
0.17049,327.71,1,750
0.17206,327.22,1,750
0.17399,327.41,1,750
0.17584,327.47,1,750
0.17734,327.26,1,750
0.17912,327.36,1,750
0.18082,327.22,1,750
0.18244,327.1,1,750
0.18451,326.69,1,750
0.18642,326.63,1,750
0.18778,326.71,1,750
0.18951,325.67,1,750
0.19099,324.97,1,750
0.19261,324.72,1,750
0.19439,325.13,1,750
0.19611,325.31,1,750
0.19746,324.99,1,750
0.19922,325.1,1,750
0.20096,325,1,750
0.20262,325.05,1,750
0.20443,324.97,1,750
0.20625,325.24,1,750
0.20768,326.11,1,750
0.2097,325.46,1,750
0.21129,324.95,1,750
0.21293,324.21,1,750
0.21473,323.91,1,750
0.21636,323.83,1,750
0.21773,323.11,1,750
0.21955,323.19,1,750
0.22121,323.12,1,750
0.22281,323.11,1,750
0.22487,322.96,1,750
0.2268,322.69,1,750
0.22762,323.23,1,750
0.2295,322.39,1,750
0.23124,321.82,1,750
0.23286,322.18,1,750
0.23476,323.11,1,750
0.23703,323.58,1,750
0.23813,323.12,1,750
0.23992,322.74,1,750
0.24164,322.3,1,750
0.24338,322.21,1,750
0.24526,321.81,1,750
0.24724,321.08,1,750
0.24831,321.32,1,750
0.24994,320.08,1,750
0.25126,319.71,1,750
0.25297,319.57,1,750
0.25471,319.86,1,750
0.25662,319.91,1,750
0.25744,318.96,1,750
0.25926,319.09,1,750
0.26072,319.46,1,750
0.26238,320.09,1,750
0.2644,320.67,1,750
0.26665,320.52,1,750
0.26775,321.46,1,750
0.26978,320.78,1,750
0.27147,320.33,1,750
0.27303,319.78,1,750
0.2748,319.63,1,750
0.27687,319.59,1,750
0.27804,318.93,1,750
0.27984,318.96,1,750
0.28138,318.57,1,750
0.28296,318.57,1,750
0.28465,318.15,1,750
0.28668,317.36,1,750
0.28796,317.77,1,750
0.2892,317.43,1,750
0.291,317.74,1,750
0.29279,318.33,1,750
0.29432,318.95,1,750
0.29622,319.03,1,750
0.29778,318.4,1,750
0.29962,317.89,1,750
0.30127,317.86,1,750
0.30296,317.88,1,750
0.30468,317.55,1,750
0.30638,316.52,1,750
0.30776,316.55,1,750
0.30958,316.24,1,750
0.31109,316.44,1,750
0.31262,316.75,1,750
0.31424,316.94,1,750
0.31598,316.56,1,750
0.31745,316.98,1,750
0.31956,317.22,1,750
0.32124,317.19,1,750
0.32283,316.96,1,750
0.32456,316.64,1,750
0.32622,316.29,1,750
0.32784,316.41,1,750
0.3293,315.92,1,750
0.33086,315.93,1,750
0.33274,315.89,1,750
0.3342,316.05,1,750
0.33575,316,1,750
0.33763,315.83,1,750
0.33924,315.97,1,750
0.34111,316.16,1,750
0.34312,316.22,1,750
0.3446,316.34,1,750
0.34613,316.45,1,750
0.34812,315.93,1,750
0.34986,315.51,1,750
0.35129,315.71,1,750
0.35317,315.52,1,750
0.35497,315.5,1,750
0.3564,315.35,1,750
0.35806,315.09,1,750
0.36016,315.04,1,750
0.36164,315.19,1,750
0.36336,314.98,1,750
0.36511,314.24,1,750
0.36648,313.6,1,750
0.36805,313.42,1,750
0.36968,313.31,1,750
0.37129,313.34,1,750
0.3728,313.27,1,750
0.3745,313.04,1,750
0.3762,313.22,1,750
0.37791,313.7,1,750
0.37951,314.24,1,750
0.38137,314.6,1,750
0.38322,314.44,1,750
0.38473,314,1,750
0.38668,313.38,1,750
0.38844,312.79,1,750
0.38991,312.47,1,750
0.39137,312.05,1,750
0.39309,311.67,1,750
0.39458,311.48,1,750
0.39599,311.47,1,750
0.39773,311.74,1,750
0.39955,312.51,1,750
0.40121,313.15,1,750
0.40302,313.25,1,750
0.40483,312.76,1,750
0.40644,312.1,1,750
0.40817,311.61,1,750
0.41009,311.51,1,750
0.41154,311.37,1,750
0.41296,311.19,1,750
0.41456,310.62,1,750
0.41626,310.29,1,750
0.418,310.49,1,750
0.41964,310.72,1,750
0.42127,310.67,1,750
0.42287,310.4,1,750
0.4242,310.17,1,750
0.42602,310.33,1,750
0.42782,310.79,1,750
0.42933,311.2,1,750
0.4312,311.25,1,750
0.43315,311,1,750
0.43477,310.85,1,750
0.43642,310.79,1,750
0.43835,310.65,1,750
0.44002,310.51,1,750
0.44176,310.07,1,750
0.44363,309.32,1,750
0.445,308.71,1,750
0.44641,308.18,1,750
0.44821,307.73,1,750
0.44991,307.57,1,750
0.45138,307.55,1,750
0.45299,307.45,1,750
0.4546,306.99,1,750
0.45608,306.75,1,750
0.45766,307.29,1,750
0.45925,307.93,1,750
0.461,308.28,1,750
0.46267,308.23,1,750
0.4643,308,1,750
0.46624,307.98,1,750
0.4681,307.8,1,750
0.46951,307.54,1,750
0.47105,307.32,1,750
0.47269,306.64,1,750
0.47394,306.14,1,750
0.47586,306.28,1,750
0.47824,306.56,1,750
0.47933,307.28,1,750
0.48107,307.34,1,750
0.48307,306.82,1,750
0.48445,306.75,1,750
0.48623,307.05,1,750
0.48877,306.5,1,750
0.48983,305.9,1,750
0.49129,305.01,1,750
0.49307,303.94,1,750
0.49459,303.16,1,750
0.4958,303.26,1,750
0.49832,303.06,1,750
0.49939,303.39,1,750
0.50098,303.7,1,750
0.50291,303.97,1,750
0.50448,304.81,1,750
0.5058,305.59,1,750
0.50857,305.39,1,750
0.50989,304.94,1,750
0.51161,304.2,1,750
0.51335,303.53,1,750
0.51504,303.06,1,750
0.51595,302.18,1,750
0.51895,301.53,1,750
0.51973,301.64,1,750
0.52141,301.47,1,750
0.5231,300.95,1,750
0.52477,300.49,1,750
0.52553,301.67,1,750
0.52861,301.18,1,750
0.52928,301.29,1,750
0.53093,300.44,1,750
0.53312,299.05,1,750
0.53387,299.7,1,750
0.5354,299.62,1,750
0.53843,299.64,1,750
0.53899,300.2,1,750
0.54074,300.71,1,750
0.54304,301.74,1,750
0.54417,302.04,1,750
0.54601,302.43,1,750
0.54894,301.53,1,750
0.54955,300.39,1,750
0.551,299.09,1,750
0.55303,297.61,1,750
0.55414,298.13,1,750
0.55604,297.81,1,750
0.5586,296.97,1,750
0.55904,296.94,1,750
0.56098,296.56,1,750
0.56277,297.22,1,750
0.56353,298.16,1,750
0.56593,298.81,1,750
0.5686,298.38,1,750
0.56926,298.22,1,750
0.57121,297.67,1,750
0.57251,296.52,1,750
0.57407,296.69,1,750
0.5761,296.17,1,750
0.57897,295.55,1,750
0.57941,295.74,1,750
0.58111,295.46,1,750
0.58274,296.17,1,750
0.58412,296.07,1,750
0.58613,296.41,1,750
0.58906,295.91,1,750
0.58937,295.88,1,750
0.59071,295.31,1,750
0.59396,295.15,1,750
0.59357,294.72,1,750
0.5966,294.56,1,750
0.59902,294.08,1,750
0.59936,293.86,1,750
0.601,293.66,1,750
0.60406,292.87,1,750
0.60344,294.96,1,750
0.6069,294.07,1,750
0.60865,293.11,1,750
0.60912,292.63,1,750
0.61067,292.24,1,750
0.61362,292.25,1,750
0.61293,292.13,1,750
0.61665,291.18,1,750
0.61842,291.06,1,750
0.61925,291.54,1,750
0.62104,291.68,1,750
0.62384,291.16,1,750
0.62295,292.85,1,750
0.62635,292.01,1,750
0.62863,291.28,1,750
0.62956,290.73,1,750
0.63071,290.31,1,750
0.63371,290.12,1,750
0.63318,290.03,1,750
0.63621,289.3,1,750
0.63847,289.25,1,750
0.63946,289.55,1,750
0.64076,289.93,1,750
0.64353,289.45,1,750
0.64329,290.8,1,750
0.64628,290.24,1,750
0.64816,289,1,750
0.64914,288.25,1,750
0.65073,287.91,1,750
0.65313,287.87,1,750
0.65306,288.38,1,750
0.65605,288.05,1,750
0.65776,288.04,1,750
0.659,288.11,1,750
0.66111,288.39,1,750
0.66375,288.36,1,750
0.66369,289.38,1,750
0.66646,288.49,1,750
0.6682,287.23,1,750
0.66913,286.4,1,750
0.67065,285.82,1,750
0.6727,285.01,1,750
0.6734,284.7,1,750
0.67535,284.3,1,750
0.67729,284.3,1,750
0.67849,284.74,1,750
0.6799,285.29,1,750
0.68234,285.64,1,750
0.68323,286.08,1,750
0.68524,286.04,1,750
0.68729,285.76,1,750
0.68845,285.72,1,750
0.68967,285.96,1,750
0.69164,285.85,1,750
0.6931,282.57,1,750
0.69491,278.11,1,750
0.6962,274.89,1,750
0.69698,272.58,1,750
0.69765,270.81,1,750
0.69866,269.69,1,750
0.69931,268.4,1,750
0.70066,266.57,1,750
0.70146,264.83,1,750
0.70198,263.03,1,750
0.70306,261.03,1,750
0.70388,259.15,1,750
0.70482,257.31,1,750
0.70583,255.46,1,750
0.70631,253.98,1,750
0.70666,252.92,1,750
0.70724,251.89,1,750
0.70786,250.47,1,750
0.70841,248.86,1,750
0.70888,247.35,1,750
0.70905,245.99,1,750
0.70873,245.07,1,750
0.70872,244.24,1,750
0.70909,243.15,1,750
0.70932,242.05,1,750
0.70971,241.21,1,750
0.71013,240.8,1,750
0.71027,240.6,1,750
0.71009,240.31,1,750
0.71015,239.79,1,750
0.71064,239.28,1,750
0.71121,238.87,1,750
0.71152,238.29,1,750
0.71136,237.66,1,750
0.71141,236.93,1,750
0.71156,235.69,1,750
0.71139,234.64,1,750
0.71163,234.29,1,750
0.7124,233.61,1,750
0.7119,233.17,1,750
0.71204,232.43,1,750
0.71247,231.73,1,750
0.71225,231.36,1,750
0.71208,230.79,1,750
0.71329,229.99,1,750
0.71265,229.65,1,750
0.7128,229.16,1,750
0.71348,228.58,1,750
0.71319,228.26,1,750
0.7122,227.67,1,750
0.71361,226.33,1,750
0.71309,222.93,1,750
0.71241,215.31,1,750
0.71206,203.77,1,750
0.71097,188.92,1,750
0.70615,163.69,1,750
0.69922,114.97,1,750
0.68798,53.924,1,750
0.67677,3.7217,1,750
